2022,07,092230,001,0018,11,11,8,1,21071109,5,1,2, ,2,78,1, , ,11,11,17,7,2022,23,7,2022,8,12,1943,2,2,2, ,2,2,2,2,2,2,2,2,2,2,2, , , , , , , , , , , , , , , , , , , , , , , , , , , , , ,2,7,2, , ,0, ,1,6,0,0,0,0,0,0,1,6,4,4, , , , , , , , ,1,1397.50892053572
2022,08,020825,003,0078,11,11,8,1,22081111,10,1,2, ,2,27,7,1, ,11,11,24,7,2022,30,7,2022,1,6,1995,1, , , , , , , , , , , , , , ,971,146,4,5,1,2,1,3,2022,5,0,0,0,0,5,5,15,1, ,1,1,2,135,0, , , , ,1, , , , , , , , ,5,0,0,0,0,0,0,1,6,4,1,585,0, , , , ,585,585,1,1407.72884587204
2022,07,090056,002,0028,11,10,8,1,22071110,9,2, ,1,1,14,5,2, ,10,10,26,6,2022,2,7,2022,9,7,2007,2,2,2, ,2,2,2,2,2,2,2,2,2,2,2, , , , , , , , , , , , , , , , , , , , , , , , , , , , , ,2,4,2, , ,0, ,2,1,0,0,0,0,0,0,1,6,4,4, , , , , , , , ,1,463.152353232538
2022,07,090993,002,0028,11,10,8,1,22071110,10,1,2, ,1,14,5,1, ,10,10,17,7,2022,23,7,2022,5,5,2008,2,2,2, ,2,2,2,2,2,2,2,2,2,2,2, , , , , , , , , , , , , , , , , , , , , , , , , , , , , ,2,4,2, , ,0, ,2,6,0,0,0,0,0,0,1,5,4,4, , , , , , , , ,1,668.997843558111
2022,09,091529,002,0051,11,10,8,1,22091110,11,1,2, ,2,53,9,4, ,10,10,4,9,2022,10,9,2022,13,6,1969,2,2,2, ,2,2,2,2,2,2,2,2,2,2,2, , , , , , , , , , , , , , , , , , , , , , , , , , , , , ,2,5,1,1,1,0, ,1,6,0,0,0,0,0,0,1,6,4,3, , , , , , , , ,1,801.502519210364
2022,07,020261,003,0076,11,10,8,1,21071110,9,1,2, ,2,55,10,5, ,10,10,26,6,2022,2,7,2022,20,12,1966,1, , , , , , , , , , , , , , ,942,4641,4,5,2, ,29,4,2022,0,12,12,12,12,12,10,70,1, ,1,2,2,350,0, , , , ,1, , , , , , , , ,5,0,0,0,0,0,0,1,6,4,1,1516,0,0,0,0,0,1516,1516,1,557.598709831015
2022,08,092029,002,0027,11,10,8,1,22081110,9,1,2, ,1,25,5,4, ,10,10,14,8,2022,20,8,2022,4,7,1997,1, , , , , , , , , , , , , , ,885,4922,2, ,1,1,1,3,2022,0,8,8,8,8,8,8,48,1, ,2,2, , , ,1200,0, , ,1, , , , , , , , ,6,0,0,0,0,0,0,1,6,4,1, , ,1200,0, , ,1200,1200,1,1221.10238080685
2022,07,017954,003,0091,11,09,8,1,21071209,5,1,2, ,1,82,3,3, ,9,9,3,7,2022,9,7,2022,18,12,1939,2,2,2, ,2,2,2,2,2,2,2,2,2,2,2, , , , , , , , , , , , , , , , , , , , , , , , , , , , , ,2,5,1,2, ,0, ,1,6,0,0,0,0,0,0,1,1,1,4, , , , , , , , ,1,334.677898541336
2022,08,091405,002,0029,11,09,8,1,22081109,5,1,2, ,2,82,1, , ,9,9,24,7,2022,30,7,2022,20,9,1939,2,2,2, ,2,2,2,2,2,2,2,2,2,2,2, , , , , , , , , , , , , , , , , , , , , , , , , , , , , ,2,7,1,2, ,0, ,1,6,0,0,0,0,0,0,1,8,4,4, , , , , , , , ,1,543.888181167063
2022,07,091521,002,0074,11,09,8,1,22071109,4,1,2, ,2,19,5,2, ,9,9,10,7,2022,16,7,2022,12,11,2002,2,2,2, ,2,2,2,2,2,2,2,2,2,2,2, , , , , , , , , , , , , , , , , , , , , , , , , , , , , ,2,5,2, , ,0, ,1,6,0,0,0,0,0,0,1,4,4,4, , , , , , , , ,1,1435.33415448057
2022,08,091044,002,0020,11,09,8,1,22081109,3,1,2, ,1,24,5,1, ,9,9,14,8,2022,20,8,2022,13,12,1997,2,2,2, ,2,2,2,2,2,2,2,2,2,2,2, , , , , , , , , , , , , , , , , , , , , , , , , , , , , ,1, , , , ,3,2,1,6,0,0,0,0,0,0,1,4,4,2, , , , , , , , ,1,216.039714327189
2022,09,091528,002,0062,11,09,8,1,22091109,10,1,2, ,2,32,7,1, ,9,9,28,8,2022,3,9,2022,13,2,1990,2,2,2, ,2,2,2,2,2,2,2,2,2,2,2, , , , , , , , , , , , , , , , , , , , , , , , , , , , , ,1, , , , ,7,8,1,6,0,0,0,0,0,0,1,1,4,2, , , , , , , , ,1,2490.48633648637
2022,07,092168,002,0054,11,09,8,1,22071109,9,1,2, ,1,24,5,2, ,9,9,26,6,2022,2,7,2022,15,8,1997,1, , , , , , , , , , , , , , ,987,5224,4,5,1,50,15,8,2021,0,8,8,8,8,8,8,48,1, ,1,1,2,600,0, , , , ,1, , , , , , , , ,5,0,0,0,0,0,0,1,6,4,1,2598,0,0,0,0,0,2598,2598,1,437.421666941842
2022,07,090056,002,0028,11,09,8,1,22071109,7,2, ,1,2,40,4, ,6,9,9,19,6,2022,25,6,2022,7,3,1982,1, , , , , , , , , , , , , , ,941,9700,6, ,1,1,99,99,2001,0,8,8,8,8,8,8,48,1, ,1,2,4,930,820, , , , ,1, , , , , , , , ,1,0,0,0,0,0,0,1,1,1,1,930,820,0,0,0,0,1750,1750,1,487.690991178412
2022,09,017618,003,0088,11,09,8,1,22091109,4,1,2, ,1,23,6,5, ,9,9,11,9,2022,17,9,2022,6,6,1999,1, , , , , , , , , , , , , , ,952,1410,3,5,2, ,19,1,2022,12,12,12,12,12,0,12,72,1, ,1,2,4,1800,0, , , , ,1, , , , , , , , ,1,0,0,0,0,0,0,1,5,4,1,1800,0, , , , ,1800,1800,1,633.819378932176
2022,07,090993,002,0028,11,09,8,1,22071109,3,1,2, ,2,31,6,5, ,9,9,17,7,2022,23,7,2022,17,8,1990,1, , , , , , , , , , , , , , ,984,2220,4,5,2, ,99,8,2019,0,8,8,8,8,8,8,48,1, ,1,2,4,1200,208, , , , ,1, , , , , , , , ,1,0,0,0,0,0,0,1,5,4,1,1200,208,0,0,0,0,1408,1408,1,704.442542813261
2022,07,092230,001,0018,11,09,8,1,22071109,4,1,2, ,1,23,4, ,6,9,9,17,7,2022,23,7,2022,20,10,1998,1, , , , , , , , , , , , , , ,885,4922,2, ,1,1,1,7,2021,0,10,10,10,10,10,10,60,1, ,1,1, , , ,1212,0, , ,1, , , , , , , , ,6,0,0,0,0,0,0,1,6,4,1,0,0,1212,0,0,0,1212,1212,1,1761.45319782363
2022,07,027877,003,0091,11,09,8,1,21071109,5,1,2, ,2,80,1, , ,9,9,26,6,2022,2,7,2022,7,3,1942,1, , , , , , , , , , , , , , ,919,4789,2, ,1,1,99,99,1982,10,11,11,11,11,11,11,76,1, ,2,2, , , ,606,0, , ,1, , , , , , , , ,6,0,0,0,0,0,0,1,1,1,1,0,0,606,0,0,0,606,606,1,955.883502567454
2022,08,092029,002,0027,11,09,8,1,22081109,10,1,2, ,2,27,6,5, ,9,9,14,8,2022,20,8,2022,31,5,1995,1, , , , , , , , , , , , , , ,541,9602,3,5,1,2,3,1,2021,9,9,0,9,9,9,9,54,1, ,1,2,2,240,0, , , , ,1, , , , , , , , ,6,0,0,0,0,0,0,1,6,4,1,1039,0, , , , ,1039,1039,1,1211.02848713873
2022,07,017794,003,0058,11,08,8,1,21071108,5,1,2, ,2,83,4,5, ,8,8,26,6,2022,2,7,2022,28,9,1938,2,2,2, ,2,2,2,2,2,2,2,2,2,2,2, , , , , , , , , , , , , , , , , , , , , , , , , , , , , ,2,9,2, , ,0, ,1,5,0,0,0,0,0,0,1,6,4,4, , , , , , , , ,1,235.54378677965
2022,08,090507,001,0005,11,08,8,1,21081108,9,1,2, ,2,14,5,1, ,8,8,14,8,2022,20,8,2022,27,4,2008,2,2,2, ,2,2,2,2,2,2,2,2,2,2,2, , , , , , , , , , , , , , , , , , , , , , , , , , , , , ,2,4,2, , ,0, ,2,1,0,0,0,0,0,0,1,6,4,4, , , , , , , , ,1,447.707273911457
2022,09,017618,003,0088,11,08,8,1,21091103,3,1,2, ,2,20,7,2, ,8,8,11,9,2022,17,9,2022,26,3,2002,2,2,2, ,2,2,2,2,2,2,2,2,2,2,2, , , , , , , , , , , , , , , , , , , , , , , , , , , , , ,2,9,2, , ,0, ,1,6,0,0,0,0,0,0,1,6,4,4, , , , , , , , ,1,827.103838413188
2022,08,020825,003,0078,11,08,8,1,21081106,10,1,2, ,2,17,6,5, ,8,8,24,7,2022,30,7,2022,27,3,2005,2,2,2, ,2,2,2,2,2,2,2,2,2,2,2, , , , , , , , , , , , , , , , , , , , , , , , , , , , , ,2,9,2, , ,0, ,2,1,0,0,0,0,0,0,1,6,4,4, , , , , , , , ,1,1069.45002901876
2022,07,092230,001,0018,11,08,8,1,21071103,3,1,2, ,2,23,6,5, ,8,8,17,7,2022,23,7,2022,22,4,1999,2,2,2, ,2,2,2,2,2,2,2,2,2,2,2, , , , , , , , , , , , , , , , , , , , , , , , , , , , , ,2,5,1,2, ,0, ,1,6,0,0,0,0,0,0,1,6,4,4, , , , , , , , ,1,1747.36331849809
2022,09,091529,002,0051,11,08,8,1,22091108,6,1,2, ,2,35,9,4, ,8,8,4,9,2022,10,9,2022,20,3,1987,2,2,2, ,2,2,2,2,2,2,2,2,2,2,2, , , , , , , , , , , , , , , , , , , , , , , , , , , , , ,1, , , , ,7,4,1,6,0,0,0,0,0,0,1,4,4,2, , , , , , , , ,1,965.1359895684
2022,07,091558,001,0008,11,08,8,1,22071108,11,1,2, ,1,52,1, , ,8,8,3,7,2022,9,7,2022,16,8,1969,2,2,2, ,2,2,2,2,2,2,2,2,2,2,2, , , , , , , , , , , , , , , , , , , , , , , , , , , , , ,1, , , , ,3,1,1,6,0,0,0,0,0,0,1,6,4,2, , , , , , , , ,1,1103.15735325163
2022,07,091952,002,0044,11,08,8,1,22071108,9,1,2, ,1,29,6,5, ,8,8,3,7,2022,9,7,2022,31,7,1992,2,2,2, ,2,2,2,2,2,2,2,2,2,2,2, , , , , , , , , , , , , , , , , , , , , , , , , , , , , ,1, , , , ,7,1,1,1,0,0,0,0,0,0,1,6,4,2, , , , , , , , ,1,1421.12531417569
2022,07,019460,003,0092,11,08,8,1,22071108,3,1,2, ,1,26,6,5, ,8,8,19,6,2022,25,6,2022,22,2,1996,1, , , , , , , , , , , , , , ,951,5610,4,5,2, ,99,99,2019,13,8,8,13,13,13,13,81,1, ,2,1,2,350,0, , ,1000,0,0, , , , , , , , ,1,0,0,0,0,0,0,1,6,4,1,1516,0,0,0,1000,0,2516,1516,1,1134.04305339074
2022,08,090948,002,0036,11,08,8,1,22081108,9,1,2, ,1,30,8,3, ,8,8,7,8,2022,13,8,2022,7,10,1991,1, , , , , , , , , , , , , , ,885,4922,2, ,1,1,4,8,2021,12,0,12,12,12,12,12,72,1, ,1,1, , , ,2598,0, , ,1, , , , , , , , ,5,0,0,0,0,0,0,1,5,4,1, , ,2598,0, , ,2598,2598,1,1160.92635519423
2022,07,091617,002,0046,11,08,8,1,22071108,6,1,2, ,1,32,10,5, ,8,8,10,7,2022,16,7,2022,1,1,1990,1, , , , , , , , , , , , , , ,436,4923,3,5,2, ,99,99,2015,11,11,11,11,11,11,11,77,1, ,1,2,4,4500,0, , , , ,1, , , , , , , , ,1,0,0,0,0,0,0,1,6,4,1,4500,0,0,0,0,0,4500,4500,1,1285.78004615896
2022,08,091381,002,0037,11,08,8,1,22081108,4,1,2, ,1,25,6,5, ,8,8,31,7,2022,6,8,2022,1,6,1997,1, , , , , , , , , , , , , , ,571,4663,3,5,1,4,99,1,2021,0,9,9,9,9,9,5,50,1, ,2,2,2,350,0, , , , ,1, , , , , , , , ,6,0,0,0,0,0,0,1,6,4,1,1516,0, , , , ,1516,1516,1,1291.37972481611
2022,07,092313,002,0070,11,08,8,1,22071108,4,1,2, ,2,20,5,1, ,8,8,3,7,2022,9,7,2022,22,9,2001,1, , , , , , , , , , , , , , ,942,5610,3,5,1,2,15,5,2022,0,8,8,8,8,8,8,48,1, ,1,1,1,25,0, , , , ,1, , , , , , , , ,6,0,0,0,0,0,0,1,6,4,1,625,0,0,0,0,0,625,625,1,998.493324856051
2022,07,091486,001,0012,11,08,8,1,22071108,6,1,2, ,1,22,6,5, ,8,8,26,6,2022,2,7,2022,31,3,2000,1, , , , , , , , , , , , , , ,455,8220,3,4,2, ,5,11,2021,0,8,8,8,8,8,8,48,1, ,2,2,4,1025,0, , , , ,1, , , , , , , , ,1,0,0,0,0,0,0,1,5,4,1,1025,0,0,0,0,0,1025,1025,1,1195.27181280889
2022,09,090606,001,0003,11,08,8,1,22091108,9,1,2, ,2,25,6,5, ,8,8,4,9,2022,10,9,2022,8,9,1997,1, , , , , , , , , , , , , , ,572,4730,3,5,2, ,4,3,2022,0,8,8,8,8,8,8,48,1, ,2,1,4,1025,0, , , , ,1, , , , , , , , ,1,0,0,0,0,0,0,1,8,4,1,1025,0, , , , ,1025,1025,1,1493.45068860775
2022,07,091352,002,0034,12,08,8,1,22071208,10,1,2, ,2,28,10,5, ,8,8,10,7,2022,16,7,2022,22,7,1993,1, , , , , , , , , , , , , , ,381,4321,3,5,1,12,99,3,2022,0,8,8,8,8,10,4,46,1, ,1,2,4,1100,0, , , , ,1, , , , , , , , ,1,0,0,0,0,0,0,1,3,4,1,1100,0,0,0,0,0,1100,1100,1,1788.53605460989
2022,07,091089,002,0055,11,08,8,1,22071108,9,1,2, ,2,52,10,5, ,8,8,26,6,2022,2,7,2022,31,8,1969,2,1, , , , , , , , , , , , , ,247,8510,3,2,2, ,99,5,1990,0,0,0,0,0,0,0,0,2,30,1,2,4,1400,0, , , , ,1, , , , , , , , ,1,0,0,0,0,0,0,1,6,4,1,1400,0,0,0,0,0,1400,1400,1,387.872019351119
2022,07,091521,002,0074,11,08,8,1,22071108,3,1,2, ,1,22,5,2, ,8,8,10,7,2022,16,7,2022,9,1,2000,1, , , , , , , , , , , , , , ,927,4789,2, ,1,1,2,2,2020,0,4,4,4,4,4,4,24,1, ,1,1, , , ,1200,0, , ,1, , , , , , , , ,6,0,0,0,0,0,0,1,5,4,1,0,0,1200,0,0,0,1200,1200,1,1446.90798392656
2022,08,091083,001,0011,11,07,8,1,21081107,11,1,2, ,2,34,6,5, ,7,7,24,7,2022,30,7,2022,24,8,1987,2,2,2, ,2,2,2,2,2,2,2,2,2,2,2, , , , , , , , , , , , , , , , , , , , , , , , , , , , , ,2,5,2, , ,0, ,1,5,0,0,0,0,0,0,1,6,4,4, , , , , , , , ,1,385.555502596518
2022,07,091774,001,0017,11,07,8,1,22071107,5,2, ,1,2,74,3,1, ,7,7,17,7,2022,23,7,2022,10,6,1948,2,2,2, ,2,2,2,2,2,2,2,2,2,2,2, , , , , , , , , , , , , , , , , , , , , , , , , , , , , ,2,9,2, , ,0, ,1,6,0,0,0,0,0,0,1,1,1,4, , , , , , , , ,1,387.872019351119
2022,07,091017,002,0039,11,07,8,1,22071107,3,1,2, ,2,35,7,2, ,7,7,3,7,2022,9,7,2022,16,4,1987,2,2,2, ,2,2,2,2,2,2,2,2,2,2,2, , , , , , , , , , , , , , , , , , , , , , , , , , , , , ,2,9,2, , ,0, ,1,6,0,0,0,0,0,0,1,6,4,4, , , , , , , , ,1,406.409159315343
2022,07,018072,003,0054,12,07,8,1,21071208,10,1,2, ,1,16,5,2, ,7,7,26,6,2022,2,7,2022,10,4,2006,2,2,2, ,2,2,2,2,2,2,2,2,2,2,2, , , , , , , , , , , , , , , , , , , , , , , , , , , , , ,2,4,2, , ,0, ,2,5,0,0,0,0,0,0,1,4,4,4, , , , , , , , ,1,530.151684229186
2022,09,092368,002,0028,11,07,8,1,22091107,5,1,2, ,2,62,5,2, ,7,7,28,8,2022,3,9,2022,9,6,1960,2,2,2, ,2,2,2,2,2,2,2,2,2,2,2, , , , , , , , , , , , , , , , , , , , , , , , , , , , , ,2,5,2, , ,0, ,2,1,0,0,0,0,0,0,1,6,4,4, , , , , , , , ,1,605.541094303442
2022,08,023819,003,0077,11,07,8,1,22081107,5,1,2, ,2,83,4,5, ,7,7,24,7,2022,30,7,2022,21,12,1938,2,2,2, ,2,2,2,2,2,2,2,2,2,2,2, , , , , , , , , , , , , , , , , , , , , , , , , , , , , ,2,5,2, , ,0, ,1,1,0,0,0,0,0,0,1,1,1,4, , , , , , , , ,1,651.025550480711
2022,09,092249,002,0029,11,07,8,1,22091107,9,1,2, ,2,29,9,4, ,7,7,21,8,2022,27,8,2022,8,6,1993,2,2,2, ,2,2,2,2,2,2,2,2,2,2,2, , , , , , , , , , , , , , , , , , , , , , , , , , , , , ,2,4,2, , ,0, ,1,6,0,0,0,0,0,0,1,7,1,4, , , , , , , , ,1,686.630698919826
2022,07,090766,001,0012,11,07,8,1,21071107,9,1,2, ,2,60,5,1, ,7,7,19,6,2022,25,6,2022,20,12,1961,2,2,2, ,2,2,2,2,2,2,2,2,2,2,2, , , , , , , , , , , , , , , , , , , , , , , , , , , , , ,2,5,2, , ,0, ,1,6,0,0,0,0,0,0,1,6,4,4, , , , , , , , ,1,798.576526020412
2022,08,092197,002,0044,11,07,8,1,22081107,10,1,2, ,1,15,5,2, ,7,7,14,8,2022,20,8,2022,25,8,2007,2,2,2, ,2,2,2,2,2,2,2,2,2,2,2, , , , , , , , , , , , , , , , , , , , , , , , , , , , , ,2,4,1,2, ,0, ,1,6,0,0,0,0,0,0,1,4,4,4, , , , , , , , ,1,926.261152456434
2022,07,091966,001,0014,11,07,8,1,21071107,10,1,2, ,2,15,5,2, ,7,7,3,7,2022,9,7,2022,25,10,2006,2,2,2, ,2,2,2,2,2,2,2,2,2,2,2, , , , , , , , , , , , , , , , , , , , , , , , , , , , , ,2,4,2, , ,0, ,2,6,0,0,0,0,0,0,1,6,4,4, , , , , , , , ,1,936.087492052548
2022,07,091616,002,0043,11,02,8,1,22071102,3,1,2, ,2,28,1, , ,2,7,10,7,2022,16,7,2022,29,9,1993,2,2,2, ,2,2,2,2,2,2,2,2,2,2,2, , , , , , , , , , , , , , , , , , , , , , , , , , , , , ,2,7,2, , , , ,2,5,1,0,1,0,1,1,0,6,7,4, , , , , , , , ,1,1126.11529364327
2022,09,021601,003,0125,11,07,8,1,21091107,4,1,2, ,2,25,5,4, ,7,7,28,8,2022,3,9,2022,25,2,1997,2,2,2, ,2,2,2,2,2,2,2,2,2,2,2, , , , , , , , , , , , , , , , , , , , , , , , , , , , , ,2,5,1,2, ,0, ,1,6,0,0,0,0,0,0,1,6,4,4, , , , , , , , ,1,1128.48250704389
2022,09,091312,002,0045,11,07,8,1,22091107,3,1,2, ,2,38,5,3, ,7,7,28,8,2022,3,9,2022,7,7,1984,2,2,2, ,2,2,2,2,2,2,2,2,2,2,2, , , , , , , , , , , , , , , , , , , , , , , , , , , , , ,2,5,1,2, ,0, ,1,6,0,0,0,0,0,0,1,6,4,4, , , , , , , , ,1,1285.59741642554
2022,08,090891,001,0025,11,07,8,1,21081107,5,1,2, ,2,74,8,3, ,7,7,31,7,2022,6,8,2022,15,3,1948,2,2,2, ,2,2,2,2,2,2,2,2,2,2,2, , , , , , , , , , , , , , , , , , , , , , , , , , , , , ,2,6,1,2, ,0, ,1,1,0,0,0,0,0,0,1,6,4,4, , , , , , , , ,1,1474.13720045404
2022,07,090800,002,0027,11,07,8,1,22071107,6,1,2, ,2,60,6,5, ,7,7,19,6,2022,25,6,2022,15,4,1962,2,2,2, ,2,2,2,2,2,2,2,2,2,2,2, , , , , , , , , , , , , , , , , , , , , , , , , , , , , ,2,5,1,1,6,0, ,1,5,0,0,0,0,0,0,1,6,4,4, , , , , , , , ,1,1597.15305204082
2022,09,018597,003,0065,11,07,8,1,21091107,10,1,2, ,2,14,5,1, ,7,7,4,9,2022,10,9,2022,1,6,2008,2,2,2, ,2,2,2,2,2,2,2,2,2,2,2, , , , , , , , , , , , , , , , , , , , , , , , , , , , , ,2,4,2, , ,0, ,2,1,0,0,0,0,0,0,1,8,4,4, , , , , , , , ,1,1935.39192068905
2022,07,090800,002,0028,11,07,8,1,22071107,10,1,2, ,2,16,5,4, ,7,7,19,6,2022,25,6,2022,3,5,2006,2,2,2, ,2,2,2,2,2,2,2,2,2,2,2, , , , , , , , , , , , , , , , , , , , , , , , , , , , , ,2,4,2, , ,0, ,2,5,0,0,0,0,0,0,1,4,4,4, , , , , , , , ,1,1996.9866497121
2022,08,091573,002,0052,11,07,8,1,22081107,3,1,2, ,2,22,7,2, ,7,7,14,8,2022,20,8,2022,31,3,2000,2,2,2, ,2,2,2,2,2,2,2,2,2,2,2, , , , , , , , , , , , , , , , , , , , , , , , , , , , , ,2,4,1,2, ,0, ,1,6,0,0,0,0,0,0,1,6,4,4, , , , , , , , ,1,3202.08332275406
2022,08,092029,002,0027,11,07,8,1,22081107,9,1,2, ,1,40,10,5, ,7,7,14,8,2022,20,8,2022,19,3,1982,2,2,2, ,2,2,2,2,2,2,2,2,2,2,2, , , , , , , , , , , , , , , , , , , , , , , , , , , , , ,2,7,1,1,7,0, ,1,5,0,0,0,0,0,0,1,6,4,3, , , , , , , , ,1,978.090742540568
2022,09,090976,002,0044,11,07,8,1,22091107,9,1,2, ,2,19,6,5, ,7,7,4,9,2022,10,9,2022,17,7,2003,2,2,2, ,2,2,2,2,2,2,2,2,2,2,2, , , , , , , , , , , , , , , , , , , , , , , , , , , , , ,1, , , , ,7,2,1,6,0,0,0,0,0,0,1,6,4,2, , , , , , , , ,1,710.218096611863
2022,09,091518,001,0001,11,07,8,1,22091107,5,1,2, ,2,76,5,3, ,7,7,4,9,2022,10,9,2022,7,7,1946,2,2,2, ,2,2,2,2,2,2,2,2,2,2,2, , , , , , , , , , , , , , , , , , , , , , , , , , , , , ,1, , , , ,3,2,1,6,0,0,0,0,0,0,1,4,4,2, , , , , , , , ,1,715.466224021318
2022,09,091529,002,0051,11,07,8,1,22091107,6,1,2, ,2,35,7,4, ,7,7,4,9,2022,10,9,2022,20,3,1987,2,2,2, ,2,2,2,2,2,2,2,2,2,2,2, , , , , , , , , , , , , , , , , , , , , , , , , , , , , ,1, , , , ,7,4,1,6,0,0,0,0,0,0,1,5,4,2, , , , , , , , ,1,1383.60352027021
2022,09,090497,002,0030,11,07,8,1,22091107,9,1,2, ,1,23,8,3, ,7,7,11,9,2022,17,9,2022,11,99,1999,1, , , , , , , , , , , , , , ,319,7830,3,4,2, ,99,2,2022,0,0,9,9,9,9,9,45,1, ,1,1,4,1800,0, , , , ,1, , , , , , , , ,5,0,0,0,0,0,0,1,6,4,1,1800,0, , , , ,1800,1800,1,328.430156630372
2022,09,091577,002,0066,11,07,8,1,22091107,3,1,2, ,1,46,6,5, ,7,7,28,8,2022,3,9,2022,28,9,1975,1, , , , , , , , , , , , , , ,861,4100,4,5,1,10,1,7,2022,0,8,8,8,8,8,5,45,1, ,1,2,2,600,0, , , , ,1, , , , , , , , ,5,0,0,0,0,0,0,1,6,4,1,2598,0, , , , ,2598,2598,1,337.632974130949
2022,07,092168,002,0054,11,01,8,1,22071101,1,1,2, ,2,50,3, ,3,1,7,3,7,2022,9,7,2022,24,6,1972,1, , , , , , , , , , , , , , ,941,9700,6, ,1,2,12,1,2015,0,10,10,10,10,10,10,60,1, ,2,2,4,1300,798, , , , ,1, , , , , , , , ,1,0,0,0,0,0,0,1,6,4,1,1300,798,0,0,0,0,2098,2098,1,347.043385735212
2022,08,091789,002,0038,11,07,8,1,22081107,4,1,2, ,2,23,8,3, ,7,7,21,8,2022,27,8,2022,15,4,1999,1, , , , , , , , , , , , , , ,423,4100,3,5,1,50,99,99,2020,0,8,8,8,8,8,5,45,1, ,1,1,4,1600,0, , , , ,1, , , , , , , , ,6,0,0,0,0,0,0,1,6,4,1,1600,0, , , , ,1600,1600,1,583.227740586111
2022,08,091860,002,0035,11,07,8,1,22081107,9,1,2, ,1,53,5,3, ,7,7,31,7,2022,6,8,2022,16,7,1969,1, , , , , , , , , , , , , , ,861,4100,1, ,1,2,99,99,2007,0,8,8,8,8,8,5,45,1, ,1,2, , , ,2500,0, , ,1, , , , , , , , ,5,0,0,0,0,0,0,1,1,1,1, , ,2500,0, , ,2500,2500,1,602.682981382311
2022,07,024690,003,0077,11,07,8,1,21071107,9,1,2, ,1,55,6,5, ,7,7,19,6,2022,25,6,2022,6,10,1966,1, , , , , , , , , , , , , , ,952,9609,2, ,1,1,99,99,2004,0,10,10,10,10,10,0,50,1, ,2,2, , , ,1200,0, , ,1, , , , , , , , ,6,0,0,0,0,0,0,1,6,4,1,0,0,1200,0,0,0,1200,1200,1,704.246371954925
2022,08,092004,002,0031,11,07,8,1,22081107,6,1,2, ,1,15,5,2, ,7,7,24,7,2022,30,7,2022,18,4,2007,2,2,2, ,1,2,2,2,2,2,2,2,2,2,2,742,1311,2, ,1,1,25,6,2022,8,8,8,8,8,0,0,40,1, ,2,2, , , ,1200,0, , ,1, , , , , , , , ,6,0,0,0,0,0,0,1,6,4,1, , ,1200,0, , ,1200,1200,1,736.016278717827
2022,08,020825,003,0078,11,07,8,1,22081107,4,1,2, ,1,44,7,1, ,7,7,24,7,2022,30,7,2022,13,8,1977,1, , , , , , , , , , , , , , ,876,2393,4,5,2, ,99,99,2005,0,8,8,8,8,8,8,48,1, ,1,2,4,3000,0, , , , ,1, , , , , , , , ,1,0,0,0,0,0,0,1,6,4,1,3000,0, , , , ,3000,3000,1,1045.85148497804
2022,09,090798,001,0026,11,07,8,1,21091107,4,1,2, ,1,41,10,5, ,7,7,4,9,2022,10,9,2022,4,7,1981,1, , , , , , , , , , , , , , ,223,2011,3,5,2, ,99,99,2012,0,9,0,9,9,9,0,36,2,45,1,2,4,3700,0, , , , ,1, , , , , , , , ,1,0,0,0,0,0,0,1,6,4,1,3700,0, , , , ,3700,3700,1,1117.46875412246
2022,07,091616,002,0043,11,07,8,1,22071107,3,1,2, ,2,30,8,3, ,7,7,10,7,2022,16,7,2022,21,9,1991,1, , , , , , , , , , , , , , ,12,8422,3,1,2, ,99,99,2018,0,8,8,8,8,8,0,40,1, ,1,2,4,3600,217, , , , ,1, , , , , , , , ,4,0,0,0,0,0,0,1,6,4,1,3600,217,0,0,0,0,3817,3817,1,1126.11529364327
2022,07,091185,002,0064,11,07,8,1,22071107,4,1,2, ,1,32,8,3, ,7,7,10,7,2022,16,7,2022,10,4,1990,1, , , , , , , , , , , , , , ,782,4540,2, ,1,1,99,99,2015,0,9,9,9,9,9,6,51,1, ,2,2, , , ,2000,0, , ,1, , , , , , , , ,6,0,0,0,0,0,0,1,1,4,1,0,0,2000,0,0,0,2000,2000,1,1150.43477814223
2022,07,092398,001,0038,11,07,8,1,21071107,9,1,2, ,1,15,5,3, ,7,7,3,7,2022,9,7,2022,15,2,2007,1, , , , , , , , , , , , , , ,785,4390,4,5,1,20,1,8,2020,0,8,8,8,8,8,6,46,1, ,1,1,2,500,0, , , , ,1, , , , , , , , ,6,0,0,0,0,0,0,1,4,4,1,2165,0,0,0,0,0,2165,2165,1,1195.27181280889
2022,07,091280,002,0056,11,07,8,1,22071107,7,2, ,1,2,17,6,5, ,7,7,3,7,2022,9,7,2022,16,1,2005,1, , , , , , , , , , , , , , ,941,9700,6, ,1,1,1,1,2022,0,8,8,8,8,8,8,48,1, ,2,1,2,250,194, , , , ,1, , , , , , , , ,6,0,0,0,0,0,0,1,1,1,1,1083,840,0,0,0,0,1923,1923,1,1248.11665607006
2022,07,091952,002,0044,11,07,8,1,22071107,6,1,2, ,2,27,6,5, ,7,7,3,7,2022,9,7,2022,13,8,1994,1, , , , , , , , , , , , , , ,335,2930,3,5,1,15,15,6,2021,0,8,8,8,8,8,8,48,1, ,1,1,3,800,0, , , , ,1, , , , , , , , ,1,0,0,0,0,0,0,1,6,4,1,1600,0,0,0,0,0,1600,1600,1,1391.08359802992
2022,07,092289,002,0046,11,07,8,1,22071107,9,1,2, ,2,32,5,1, ,7,7,19,6,2022,25,6,2022,18,6,1990,1, , , , , , , , , , , , , , ,941,9700,6, ,1,2,1,4,2022,0,9,9,9,9,9,0,45,1, ,1,2,4,1000,217, , , , ,1, , , , , , , , ,5,0,0,0,0,0,0,1,6,4,1,1000,217,0,0,0,0,1217,1217,1,1391.08359802992
2022,09,021601,003,0125,11,06,8,1,21091106,3,1,2, ,1,37,6,5, ,6,7,28,8,2022,3,9,2022,4,3,1985,1, , , , , , , , , , , , , , ,851,4330,4,5,1,2,25,7,2022,0,8,8,8,8,8,8,48,1, ,1,2,2,350,0, , , , ,1, , , , , , , , ,5,0,0,0,0,0,0,1,6,4,1,1516,0, , , , ,1516,1516,1,1503.47640528606
2022,09,090606,001,0003,11,07,8,1,21091107,6,1,2, ,1,22,9,1, ,7,7,4,9,2022,10,9,2022,5,10,1999,1, , , , , , , , , , , , , , ,421,4100,3,5,1,10,4,5,2022,3,9,9,9,9,9,9,57,2,48,2,2,2,400,0, , , , ,1, , , , , , , , ,5,0,0,0,0,0,0,1,6,4,1,1732,0, , , , ,1732,1732,1,1558.35986894746
2022,08,091381,002,0037,11,07,8,1,22081107,3,1,2, ,2,24,6,5, ,7,7,31,7,2022,6,8,2022,2,4,1998,1, , , , , , , , , , , , , , ,942,5610,4,5,1,4,15,6,2022,8,3,0,8,11,8,8,46,1, ,2,2,2,150,40, , ,520,0,0, , , , , , , , ,6,0,0,0,0,0,0,1,6,4,1,650,173, , ,520,0,1343,823,1,1643.67235785077
2022,08,091453,002,0044,11,07,8,1,22081107,9,1,2, ,1,34,6,5, ,7,7,31,7,2022,6,8,2022,23,2,1988,1, , , , , , , , , , , , , , ,778,3100,1, ,1,3,99,1,2021,0,11,11,11,11,11,8,63,1, ,1,2, , , ,2165,0, , ,1, , , , , , , , ,5,0,0,0,0,0,0,1,6,4,1, , ,2165,0, , ,2165,2165,1,1731.88493477452
2022,09,091193,002,0069,11,07,8,1,22091107,4,1,2, ,1,34,7,2, ,7,7,28,8,2022,3,9,2022,23,5,1988,1, , , , , , , , , , , , , , ,885,4922,2, ,1,1,1,4,2020,10,8,8,8,8,10,10,62,1, ,1,1, , , ,1800,0, , ,1, , , , , , , , ,5,0,0,0,0,0,0,1,6,4,1, , ,1800,0, , ,1800,1800,1,1992.77458417446
2022,09,090774,001,0007,11,07,8,1,21091107,4,1,2, ,1,49,10,5, ,7,7,21,8,2022,27,8,2022,11,11,1972,1, , , , , , , , , , , , , , ,217,8413,3,2,2, ,99,99,2014,0,8,8,8,8,8,0,40,1, ,1,2,4,7000,0, , , , ,1, , , , , , , , ,1,0,0,0,0,0,0,1,6,4,1,7000,0, , , , ,7000,7000,1,2001.72802064747
2022,09,091528,002,0062,11,07,8,1,22091107,10,1,2, ,1,29,8,3, ,7,7,28,8,2022,3,9,2022,10,6,1993,1, , , , , , , , , , , , , , ,983,4100,4,5,2, ,22,9,2021,0,8,8,8,8,8,6,46,1, ,1,2,2,850,0, , , , ,1, , , , , , , , ,1,0,0,0,0,0,0,1,6,4,1,3681,0, , , , ,3681,3681,1,2636.12142899575
2022,07,092168,002,0054,11,07,8,1,22071107,3,1,2, ,2,24,8,3, ,7,7,26,6,2022,2,7,2022,14,9,1997,1, , , , , , , , , , , , , , ,572,4711,2, ,1,3,2,7,2021,15,15,15,15,15,15,15,105,1, ,2,2, , , ,607,303, , ,1, , , , , , , , ,1,0,0,0,0,0,0,1,6,4,1,0,0,607,303,0,0,910,910,1,433.922727254314
2022,08,090507,001,0005,11,07,8,1,21081107,5,1,2, ,2,56,6,5, ,7,7,14,8,2022,20,8,2022,16,4,1966,1, , , , , , , , , , , , , , ,572,4752,3,5,1,8,1,8,2022,0,10,10,10,10,10,10,60,1, ,1,2,4,1000,0, , , , ,1, , , , , , , , ,1,0,0,0,0,0,0,1,6,4,1,1000,0, , , , ,1000,1000,1,467.530515492126
2022,08,091668,002,0037,11,07,8,1,22081107,10,1,2, ,1,19,6,5, ,7,7,7,8,2022,13,8,2022,22,3,2003,1, , , , , , , , , , , , , , ,851,4330,2, ,1,1,4,5,2022,0,8,8,8,8,8,5,45,1, ,2,2, , , ,900,0, , ,1, , , , , , , , ,6,0,0,0,0,0,0,1,6,4,1, , ,900,0, , ,900,900,1,705.572430950883
2022,08,047082,003,0056,12,07,8,1,21081107,9,1,2, ,1,19,6,5, ,7,7,31,7,2022,6,8,2022,19,4,2003,1, , , , , , , , , , , , , , ,839,1410,4,5,1,25,99,99,2020,0,8,8,8,8,8,0,40,1, ,2,2,4,700,0, , , , ,1, , , , , , , , ,5,0,0,0,0,0,0,1,6,4,1,700,0, , , , ,700,700,1,804.34196256001
2022,08,090948,002,0036,11,07,8,1,22081107,9,1,2, ,2,41,6,5, ,7,7,7,8,2022,13,8,2022,15,11,1980,1, , , , , , , , , , , , , , ,572,4722,2, ,1,1,4,4,2021,4,4,4,4,4,4,4,28,1, ,2,2, , , ,909,130, , ,1, , , , , , , , ,6,0,0,0,0,0,0,1,6,4,1, , ,909,130, , ,1039,1039,1,922.688316899848
2022,07,091449,002,0038,11,07,8,1,22071107,3,1,2, ,2,21,6,5, ,7,7,26,6,2022,2,7,2022,27,7,2000,1, , , , , , , , , , , , , , ,945,9609,2, ,1,1,15,7,2021,0,12,12,12,12,12,5,65,1, ,1,2, , , ,500,0, , ,1, , , , , , , , ,6,0,0,0,0,0,0,1,6,4,1,0,0,500,0,0,0,500,500,1,936.087492052547
2022,07,091486,001,0012,11,07,8,1,21071105,10,1,2, ,2,22,6,5, ,7,7,26,6,2022,2,7,2022,4,6,2000,1, , , , , , , , , , , , , , ,454,9311,3,5,1,3,5,11,2021,0,8,8,8,8,8,8,48,1, ,2,2,4,930,0, , , , ,1, , , , , , , , ,6,0,0,0,0,0,0,1,6,4,1,930,0,0,0,0,0,930,930,1,1185.71082326656
2022,07,091390,001,0005,11,07,8,1,22071107,11,1,2, ,2,43,6,5, ,7,7,26,6,2022,2,7,2022,26,9,1978,1, , , , , , , , , , , , , , ,885,4922,2, ,1,1,15,8,2020,0,11,11,11,11,11,11,66,1, ,1,1, , , ,1039,0, , ,1, , , , , , , , ,6,0,0,0,0,0,0,1,6,4,1,0,0,1039,0,0,0,1039,1039,1,1192.35736973993
2022,07,091617,002,0046,11,07,8,1,22071107,6,1,2, ,1,22,6,5, ,7,7,10,7,2022,16,7,2022,1,7,2000,1, , , , , , , , , , , , , , ,945,4630,4,5,2, ,99,8,2021,0,7,7,7,7,7,7,42,1, ,1,2,3,520,0, , , , ,1, , , , , , , , ,1,0,0,0,0,0,0,1,6,4,1,1040,0,0,0,0,0,1040,1040,1,1195.27181280889
2022,08,091477,002,0050,11,07,8,1,22081107,4,1,2, ,2,24,7,2, ,7,7,7,8,2022,13,8,2022,8,10,1997,1, , , , , , , , , , , , , , ,922,4782,3,5,1,2,1,5,2022,0,8,0,8,8,8,8,40,1, ,2,2,2,210,0, , , , ,1, , , , , , , , ,6,0,0,0,0,0,0,1,4,4,1,909,0, , , , ,909,909,1,1268.75520414153
2022,09,091625,002,0033,11,07,8,1,22091107,10,1,2, ,2,19,6,5, ,7,7,21,8,2022,27,8,2022,19,5,2003,1, , , , , , , , , , , , , , ,776,1512,5,5,1,2,1,3,2020,0,0,5,5,5,0,2,17,1, ,1,2, , , , , , , , , , , , , , , , ,6,0,0,0,0,0,0,1,6,4,1, , , , , , ,0,0,1,1477.80321777378
2022,08,021824,003,0100,11,07,8,1,21081107,5,1,2, ,2,48,5,3, ,7,7,21,8,2022,27,8,2022,14,10,1973,1, , , , , , , , , , , , , , ,941,9700,6, ,1,2,2,8,2021,0,7,0,7,0,7,0,21,1, ,1,2,2,210,48, , , , ,1, , , , , , , , ,6,0,0,0,0,0,0,1,1,1,1,909,208, , , , ,1117,1117,1,134.90417420278
2022,09,018410,003,0063,11,07,8,1,21091107,11,1,2, ,1,74,4,5, ,7,7,21,8,2022,27,8,2022,5,5,1948,1, , , , , , , , , , , , , , ,396,9000,3,5,1,2,99,8,2013,0,6,6,6,6,6,0,30,1, ,1,2,4,1500,0, , , , ,1, , , , , , , , ,6,0,0,0,0,0,0,1,5,4,1,1500,0, , , , ,1500,1500,1,356.39603559162
2022,09,091745,002,0035,11,07,8,1,22091107,3,1,2, ,2,26,9,4, ,7,7,28,8,2022,3,9,2022,6,7,1996,1, , , , , , , , , , , , , , ,945,7830,4,4,2, ,1,8,2022,0,7,0,7,0,0,0,14,2,42,1,2,4,1025,0, , , , ,1, , , , , , , , ,1,0,0,0,0,0,0,1,4,4,1,1025,0, , , , ,1025,1025,1,393.855876973344
2022,09,021868,003,0086,11,07,8,1,22091107,3,1,2, ,1,28,5,3, ,7,7,21,8,2022,27,8,2022,10,8,1994,1, , , , , , , , , , , , , , ,931,4921,4,5,1,2,99,99,2010,0,14,0,0,0,14,0,28,1, ,1,1,2,185,0, , , , ,1, , , , , , , , ,6,0,0,0,0,0,0,1,6,4,1,801,0, , , , ,801,801,1,500.144817925814
2022,08,090565,002,0037,11,07,8,1,22081107,5,1,2, ,1,76,8,3, ,7,7,14,8,2022,20,8,2022,5,7,1946,1, , , , , , , , , , , , , , ,421,4923,3,5,1,27,99,10,2018,0,0,7,0,0,7,0,14,1, ,1,2,2,150,0, , , , ,1, , , , , , , , ,1,0,0,0,0,0,0,1,6,4,1,650,0, , , , ,650,650,1,1089.27888633005
2022,08,090627,001,0018,11,07,8,1,22081107,3,1,2, ,2,28,6,5, ,7,7,31,7,2022,6,8,2022,9,3,1994,1, , , , , , , , , , , , , , ,772,1410,4,5,1,2,15,7,2022,0,0,0,8,8,0,0,16,1, ,1,2,2,80,0, , , , ,1, , , , , , , , ,6,0,0,0,0,0,0,1,6,4,1,346,0, , , , ,346,346,1,1313.25155063297
2022,09,091528,002,0078,11,07,8,1,22091107,9,1,2, ,1,21,5,4, ,7,7,4,9,2022,10,9,2022,3,4,2001,1, , , , , , , , , , , , , , ,945,9609,2, ,1,1,15,7,2022,0,4,4,4,4,4,0,20,1, ,1,1, , , ,300,0, , ,1, , , , , , , , ,5,0,0,0,0,0,0,1,6,4,1, , ,300,0, , ,300,300,1,1362.97119636202
2022,08,017385,003,0060,11,06,8,1,21081106,3,1,2, ,1,25,4, ,6,6,6,31,7,2022,6,8,2022,12,1,1997,2,2,2, ,2,2,2,2,2,2,2,2,2,2,2, , , , , , , , , , , , , , , , , , , , , , , , , , , , , ,2,5,1,2, ,0, ,2,6,1,0,0,0,0,0,0,6,4,4, , , , , , , , ,1,201.4792284451
2022,07,090513,002,0045,11,06,8,1,22071106,5,1,2, ,2,67,6,5, ,6,6,3,7,2022,9,7,2022,16,9,1954,2,2,2, ,2,2,2,2,2,2,2,2,2,2,2, , , , , , , , , , , , , , , , , , , , , , , , , , , , , ,2,5,2, , ,0, ,1,1,0,0,0,0,0,0,1,6,4,4, , , , , , , , ,1,224.55748488749
2022,07,018318,003,0083,11,06,8,1,22071106,10,1,2, ,1,17,6,5, ,6,6,3,7,2022,9,7,2022,22,10,2004,2,2,2, ,2,2,2,2,2,2,2,2,2,2,2, , , , , , , , , , , , , , , , , , , , , , , , , , , , , ,2,4,2, , ,0, ,2,3,0,0,0,0,0,0,1,6,4,4, , , , , , , , ,1,339.297077906679
2022,09,092345,002,0030,11,06,8,1,22091106,9,1,2, ,1,19,6,5, ,6,6,21,8,2022,27,8,2022,8,1,2003,2,2,2, ,2,2,2,2,2,2,2,2,2,2,2, , , , , , , , , , , , , , , , , , , , , , , , , , , , , ,2,8,2, , ,0, ,1,5,0,0,0,0,0,0,1,6,4,4, , , , , , , , ,1,367.724000360485
2022,07,091017,002,0039,11,06,8,1,22071106,10,1,2, ,2,18,6,5, ,6,6,26,6,2022,2,7,2022,23,11,2003,2,2,2, ,2,2,2,2,2,2,2,2,2,2,2, , , , , , , , , , , , , , , , , , , , , , , , , , , , , ,2,4,2, , ,0, ,2,6,0,0,0,0,0,0,1,6,4,4, , , , , , , , ,1,382.872994636159
2022,08,017976,003,0113,11,06,8,1,21081106,3,1,2, ,1,15,5,2, ,6,6,7,8,2022,13,8,2022,29,5,2007,2,2,2, ,2,2,2,2,2,2,2,2,2,2,2, , , , , , , , , , , , , , , , , , , , , , , , , , , , , ,2,4,2, , ,0, ,1,6,0,0,0,0,0,0,1,6,4,4, , , , , , , , ,1,407.00712224811
2022,09,017753,003,0067,11,06,8,1,22091106,3,1,2, ,1,14,5,3, ,6,6,28,8,2022,3,9,2022,15,12,2007,2,2,2, ,2,2,2,2,2,2,2,2,2,2,2, , , , , , , , , , , , , , , , , , , , , , , , , , , , , ,2,4,2, , ,0, ,1,6,0,0,0,0,0,0,1,6,4,4, , , , , , , , ,1,415.516481003009
2022,07,091774,001,0017,11,06,8,1,22071106,5,2, ,1,1,84,3,3, ,6,6,17,7,2022,23,7,2022,31,1,1938,2,2,2, ,2,2,2,2,2,2,2,2,2,2,2, , , , , , , , , , , , , , , , , , , , , , , , , , , , , ,2,9,2, , ,0, ,1,6,0,1,0,0,0,0,0,1,1,4, , , , , , , , ,1,428.646579332893
2022,08,091860,002,0035,11,06,8,1,22081106,5,1,2, ,2,57,6,5, ,6,6,31,7,2022,6,8,2022,18,9,1964,2,2,2, ,2,2,2,2,2,2,2,2,2,2,2, , , , , , , , , , , , , , , , , , , , , , , , , , , , , ,2,5,2, , ,0, ,1,5,0,0,0,0,0,0,1,1,1,4, , , , , , , , ,1,428.822629922643
2022,07,019761,003,0101,11,06,8,1,21071105,5,1,2, ,2,69,3,4, ,6,6,10,7,2022,16,7,2022,21,9,1952,2,2,2, ,2,2,2,2,2,2,2,2,2,2,2, , , , , , , , , , , , , , , , , , , , , , , , , , , , , ,2,9,2, , ,0, ,2,6,0,0,0,0,0,0,1,6,4,4, , , , , , , , ,1,438.113272010083
2022,08,090507,001,0005,11,06,8,1,21081106,5,1,2, ,1,72,6,5, ,6,6,14,8,2022,20,8,2022,15,10,1949,2,2,2, ,2,2,2,2,2,2,2,2,2,2,2, , , , , , , , , , , , , , , , , , , , , , , , , , , , , ,2,6,1,1,9,0, ,1,1,0,0,0,0,0,0,1,6,4,4, , , , , , , , ,1,443.431679831713
2022,08,091765,002,0051,11,06,8,1,22081106,6,1,2, ,1,69,3,1, ,6,6,31,7,2022,6,8,2022,12,12,1952,2,2,2, ,2,2,2,2,2,2,2,2,2,2,2, , , , , , , , , , , , , , , , , , , , , , , , , , , , , ,2,5,1,2, ,0, ,1,6,0,0,0,0,0,0,1,1,1,4, , , , , , , , ,1,447.397500130947
2022,09,017981,003,0105,11,06,8,1,21091106,3,1,2, ,1,18,6,5, ,6,6,21,8,2022,27,8,2022,26,4,2004,2,2,2, ,2,2,2,2,2,2,2,2,2,2,2, , , , , , , , , , , , , , , , , , , , , , , , , , , , , ,2,4,2, , ,0, ,2,6,0,0,0,0,0,0,1,4,4,4, , , , , , , , ,1,466.248455471325
2022,08,091789,002,0038,11,06,8,1,22081106,3,1,2, ,1,24,10,6, ,6,6,14,8,2022,20,8,2022,14,11,1997,2,2,2, ,2,2,2,2,2,2,2,2,2,2,2, , , , , , , , , , , , , , , , , , , , , , , , , , , , , ,2,9,2, , ,0, ,1,5,0,0,0,0,0,0,1,1,4,4, , , , , , , , ,1,486.567221821245
2022,08,091779,001,0007,11,06,8,1,21081105,6,1,2, ,1,19,7,2, ,6,6,14,8,2022,20,8,2022,24,4,2003,2,2,2, ,2,2,2,2,2,2,2,2,2,2,2, , , , , , , , , , , , , , , , , , , , , , , , , , , , , ,2,4,2, , ,0, ,2,5,0,0,0,0,0,0,1,6,4,4, , , , , , , , ,1,601.726157786839
2022,09,018410,003,0063,11,06,8,1,21091106,10,1,2, ,1,18,9,1, ,6,6,21,8,2022,27,8,2022,27,8,2004,2,2,2, ,2,2,2,2,2,2,2,2,2,2,2, , , , , , , , , , , , , , , , , , , , , , , , , , , , , ,2,4,2, , ,0, ,1,5,0,0,0,0,0,0,1,5,4,4, , , , , , , , ,1,604.648154867776
2022,08,024012,003,0071,11,06,8,1,22081106,11,1,2, ,2,14,5,2, ,6,6,31,7,2022,6,8,2022,25,7,2008,2,2,2, ,2,2,2,2,2,2,2,2,2,2,2, , , , , , , , , , , , , , , , , , , , , , , , , , , , , ,2,4,2, , ,0, ,2,6,0,0,0,0,0,0,1,6,4,4, , , , , , , , ,1,609.924884052594
2022,07,091665,002,0049,11,06,8,1,22071106,10,1,2, ,2,16,5,4, ,6,6,3,7,2022,9,7,2022,17,8,2005,2,2,2, ,2,2,2,2,2,2,2,2,2,2,2, , , , , , , , , , , , , , , , , , , , , , , , , , , , , ,2,4,1,1,3,0, ,2,1,0,0,0,0,0,0,1,6,4,4, , , , , , , , ,1,624.058328035032
2022,09,090641,002,0046,11,06,8,1,22091106,9,1,2, ,1,80,4,5, ,6,6,28,8,2022,3,9,2022,22,2,1942,2,2,2, ,2,2,2,2,2,2,2,2,2,2,2, , , , , , , , , , , , , , , , , , , , , , , , , , , , , ,2,6,2, , ,0, ,1,1,0,0,0,0,0,0,1,6,4,4, , , , , , , , ,1,635.282997549297
2022,07,024690,003,0077,11,06,8,1,21071106,5,1,2, ,2,81,3,3, ,6,6,19,6,2022,25,6,2022,7,10,1940,2,2,2, ,2,2,2,2,2,2,2,2,2,2,2, , , , , , , , , , , , , , , , , , , , , , , , , , , , , ,2,5,2, , ,0, ,1,6,1,0,0,0,0,0,0,7,4,4, , , , , , , , ,1,637.255668378302
2022,09,091134,001,0007,11,06,8,1,21091106,5,1,2, ,2,65,3,1, ,6,6,21,8,2022,27,8,2022,18,10,1956,2,2,2, ,2,2,2,2,2,2,2,2,2,2,2, , , , , , , , , , , , , , , , , , , , , , , , , , , , , ,2,5,1,2, ,0, ,1,6,0,0,0,0,0,0,1,6,4,4, , , , , , , , ,1,643.197873106782
2022,08,047304,003,0053,11,06,8,1,22081106,9,1,2, ,1,18,6,5, ,6,6,31,7,2022,6,8,2022,16,3,2004,2,2,2, ,2,2,2,2,2,2,2,2,2,2,2, , , , , , , , , , , , , , , , , , , , , , , , , , , , , ,2,4,2, , ,0, ,1,6,0,0,0,0,0,0,1,6,4,4, , , , , , , , ,1,655.652224063644
2022,07,090608,002,0048,11,06,8,1,22071106,9,1,2, ,2,67,6,5, ,6,6,26,6,2022,2,7,2022,11,6,1955,2,2,2, ,2,2,2,2,2,2,2,2,2,2,2, , , , , , , , , , , , , , , , , , , , , , , , , , , , , ,2,6,1,2, ,0, ,1,1,0,0,0,0,0,0,1,6,4,4, , , , , , , , ,1,698.754460267861
2022,07,024733,003,0061,11,06,8,1,21071106,11,1,2, ,2,70,6,5, ,6,6,26,6,2022,2,7,2022,13,9,1951,2,2,2, ,2,2,2,2,2,2,2,2,2,2,2, , , , , , , , , , , , , , , , , , , , , , , , , , , , , ,2,5,2, , ,0, ,1,6,0,0,0,0,0,0,1,6,4,4, , , , , , , , ,1,716.91262692559
2022,09,090664,002,0045,11,06,8,1,22091106,3,1,2, ,2,19,6,5, ,6,6,11,9,2022,17,9,2022,10,8,2003,2,2,2, ,2,2,2,2,2,2,2,2,2,2,2, , , , , , , , , , , , , , , , , , , , , , , , , , , , , ,2,4,2, , ,0, ,2,4,0,0,0,0,0,0,1,6,4,4, , , , , , , , ,1,730.838376491653
2022,07,020261,003,0076,11,06,8,1,21071106,4,1,2, ,2,25,10,5, ,6,6,26,6,2022,2,7,2022,27,8,1996,2,2,2, ,2,2,2,2,2,2,2,2,2,2,2, , , , , , , , , , , , , , , , , , , , , , , , , , , , , ,2,5,1,2, ,0, ,1,6,0,0,0,0,0,0,1,7,4,4, , , , , , , , ,1,740.046719922402
2022,07,092302,001,0029,11,06,8,1,22071106,6,1,2, ,2,20,7,1, ,6,6,3,7,2022,9,7,2022,19,4,2002,2,2,2, ,2,2,2,2,2,2,2,2,2,2,2, , , , , , , , , , , , , , , , , , , , , , , , , , , , , ,2,4,2, , ,0, ,2,5,0,0,0,0,0,0,1,6,4,4, , , , , , , , ,1,748.869993642038
2022,07,091894,001,0025,11,06,8,1,21071106,3,1,2, ,2,15,5,2, ,6,6,3,7,2022,9,7,2022,4,5,2007,2,2,2, ,2,2,2,2,2,2,2,2,2,2,2, , , , , , , , , , , , , , , , , , , , , , , , , , , , , ,2,4,2, , ,0, ,1,6,0,0,0,0,0,0,1,1,4,4, , , , , , , , ,1,748.869993642038
2022,07,092337,002,0028,11,06,8,1,22071106,9,1,2, ,1,17,5,3, ,6,6,19,6,2022,25,6,2022,17,3,2005,2,2,2, ,2,2,2,2,2,2,2,2,2,2,2, , , , , , , , , , , , , , , , , , , , , , , , , , , , , ,2,4,1,2, ,0, ,2,5,0,0,0,0,0,0,1,8,4,4, , , , , , , , ,1,754.908513352985
2022,07,091353,002,0043,11,06,8,1,22071106,10,1,2, ,1,15,5,3, ,6,6,10,7,2022,16,7,2022,23,8,2006,2,2,2, ,2,2,2,2,2,2,2,2,2,2,2, , , , , , , , , , , , , , , , , , , , , , , , , , , , , ,2,4,2, , ,0, ,2,6,0,0,0,0,0,0,1,6,4,4, , , , , , , , ,1,754.908513352985
2022,09,024957,003,0072,11,02,8,1,21091102,2,1,2, ,2,79,6,5, ,2,6,11,9,2022,17,9,2022,3,8,1943,2,2,2, ,2,2,2,2,2,2,2,2,2,2,2, , , , , , , , , , , , , , , , , , , , , , , , , , , , , ,2,7,2, , ,0, ,1,1,0,0,0,0,1,0,0,5,4,4, , , , , , , , ,1,755.400550015017
2022,08,091284,002,0041,11,06,8,1,22081106,10,1,2, ,1,20,6,5, ,6,6,14,8,2022,20,8,2022,10,7,2002,2,2,2, ,2,2,2,2,2,2,2,2,2,2,2, , , , , , , , , , , , , , , , , , , , , , , , , , , , , ,2,5,1,2, , , ,1,6,0,0,0,0,0,0,1,6,4,4, , , , , , , , ,1,766.854820496623
2022,08,020825,003,0078,11,09,8,1,22081109,10,1,2, ,1,21,6,5, ,9,6,24,7,2022,30,7,2022,8,6,2001,2,2,2, ,2,2,2,2,2,2,2,2,2,2,2, , , , , , , , , , , , , , , , , , , , , , , , , , , , , ,2,4,1,2, ,0, ,1,5,0,0,0,0,0,0,1,6,4,4, , , , , , , , ,1,786.782636324289
2022,08,091539,001,0009,14,06,8,1,22081406,3,1,2, ,1,28,4, ,6,6,6,7,8,2022,13,8,2022,19,1,1994,2,2,2, ,2,2,2,2,2,2,2,2,2,2,2, , , , , , , , , , , , , , , , , , , , , , , , , , , , , ,2,7,2, , ,0, ,2,6,0,0,0,1,0,0,0,6,4,4, , , , , , , , ,1,792.976158524328
2022,09,091553,002,0056,11,06,8,1,22091106,5,1,2, ,2,83,5,1, ,6,6,11,9,2022,17,9,2022,5,11,1938,2,2,2, ,2,2,2,2,2,2,2,2,2,2,2, , , , , , , , , , , , , , , , , , , , , , , , , , , , , ,2,9,1,2, ,0, ,1,6,0,0,0,0,0,0,1,7,4,4, , , , , , , , ,1,807.388179991395
2022,08,091309,002,0048,11,06,8,1,22081106,2,1,2, ,2,64,4,5, ,6,6,21,8,2022,27,8,2022,12,6,1958,2,2,2, ,2,2,2,2,2,2,2,2,2,2,2, , , , , , , , , , , , , , , , , , , , , , , , , , , , , ,2,5,2, , , , ,1,1,0,0,0,0,0,0,1,1,1,4, , , , , , , , ,1,815.832271750595
2022,08,090099,001,0010,11,06,8,1,22081106,10,1,2, ,2,14,5,2, ,6,6,14,8,2022,20,8,2022,15,12,2007,2,2,2, ,2,2,2,2,2,2,2,2,2,2,2, , , , , , , , , , , , , , , , , , , , , , , , , , , , , ,2,4,2, , ,0, ,2,5,0,0,0,0,0,0,1,6,6,4, , , , , , , , ,1,818.921709533971
2022,08,047082,003,0056,12,06,8,1,21081106,9,1,2, ,1,15,5,3, ,6,6,24,7,2022,30,7,2022,22,3,2007,2,2,2, ,2,2,2,2,2,2,2,2,2,2,2, , , , , , , , , , , , , , , , , , , , , , , , , , , , , ,2,4,2, , ,0, ,2,5,0,0,0,0,0,0,1,6,4,4, , , , , , , , ,1,869.584313057648
2022,09,090977,002,0059,11,06,8,1,22091106,3,1,2, ,1,16,5,3, ,6,6,21,8,2022,27,8,2022,26,8,2006,2,2,2, ,2,2,2,2,2,2,2,2,2,2,2, , , , , , , , , , , , , , , , , , , , , , , , , , , , , ,2,4,2, , ,0, ,1,6,0,0,0,0,0,0,1,6,4,4, , , , , , , , ,1,882.003583936138
2022,09,024957,003,0072,11,01,8,1,21091101,1,1,2, ,1,70,9,1, ,1,6,11,9,2022,17,9,2022,16,8,1952,2,2,2, ,2,2,2,2,2,2,2,2,2,2,2, , , , , , , , , , , , , , , , , , , , , , , , , , , , , ,2,7,2, , ,0, ,1,1,0,0,0,0,1,1,0,5,4,4, , , , , , , , ,1,890.595944286357
2022,09,092176,002,0032,11,06,8,1,22091106,3,1,2, ,2,21,6,5, ,6,6,28,8,2022,3,9,2022,30,4,2001,2,2,2, ,2,2,2,2,2,2,2,2,2,2,2, , , , , , , , , , , , , , , , , , , , , , , , , , , , , ,2,9,1,1,6,0, ,1,6,0,0,0,0,0,0,1,6,4,4, , , , , , , , ,1,899.493486611522
2022,09,091912,002,0057,11,06,8,1,22091106,4,1,2, ,2,29,6,5, ,6,6,28,8,2022,3,9,2022,31,1,1993,2,2,2, ,2,2,2,2,2,2,2,2,2,2,2, , , , , , , , , , , , , , , , , , , , , , , , , , , , , ,2,5,1,2, ,0, ,1,6,0,0,0,0,0,0,1,5,4,4, , , , , , , , ,1,940.548180241059
2022,07,091966,001,0014,11,06,8,1,21071106,10,1,2, ,1,16,5,3, ,6,6,3,7,2022,9,7,2022,11,9,2005,2,2,2, ,2,2,2,2,2,2,2,2,2,2,2, , , , , , , , , , , , , , , , , , , , , , , , , , , , , ,2,4,2, , ,0, ,2,6,0,0,0,0,0,0,1,6,4,4, , , , , , , , ,1,943.635641691232
2022,08,090891,001,0025,11,06,8,1,21081106,5,1,2, ,1,72,5,3, ,6,6,7,8,2022,13,8,2022,16,3,1950,2,2,2, ,2,2,2,2,2,2,2,2,2,2,2, , , , , , , , , , , , , , , , , , , , , , , , , , , , , ,2,6,1,2, ,0, ,1,1,0,0,0,0,0,0,1,6,4,4, , , , , , , , ,1,963.63972659409
2022,08,090565,002,0037,11,06,8,1,22081106,3,1,2, ,2,14,5,2, ,6,6,14,8,2022,20,8,2022,9,7,2008,2,2,2, ,2,2,2,2,2,2,2,2,2,2,2, , , , , , , , , , , , , , , , , , , , , , , , , , , , , ,2,4,2, , ,0, ,2,6,0,0,0,0,0,0,1,6,4,4, , , , , , , , ,1,1037.30094058331
2022,09,090928,002,0039,11,06,8,1,22091106,10,1,2, ,1,16,5,3, ,6,6,4,9,2022,10,9,2022,4,10,2005,2,2,2, ,2,2,2,2,2,2,2,2,2,2,2, , , , , , , , , , , , , , , , , , , , , , , , , , , , , ,2,4,1,2, ,0, ,1,6,0,0,0,0,0,0,1,8,4,4, , , , , , , , ,1,1071.00439842543
2022,08,092067,001,0006,11,06,8,1,21081106,3,1,2, ,1,14,5,1, ,6,6,24,7,2022,30,7,2022,20,1,2008,2,2,2, ,2,2,2,2,2,2,2,2,2,2,2, , , , , , , , , , , , , , , , , , , , , , , , , , , , , ,2,4,1,2, ,0, ,1,6,0,0,0,0,0,0,1,6,4,4, , , , , , , , ,1,1089.71907948306
2022,09,019132,003,0112,11,06,8,1,21091106,10,1,2, ,2,16,5,4, ,6,6,11,9,2022,17,9,2022,7,1,2006,2,2,2, ,2,2,2,2,2,2,2,2,2,2,2, , , , , , , , , , , , , , , , , , , , , , , , , , , , , ,2,4,2, , ,0, ,1,6,0,0,0,0,0,0,1,6,4,4, , , , , , , , ,1,1096.7220015849
2022,09,023998,003,0076,11,06,8,1,21091107,3,1,2, ,1,16,5,3, ,6,6,4,9,2022,10,9,2022,16,10,2005,1, , , , , , , , , , , , , , ,942,5630,5,5,1,2,29,3,2022,4,0,0,0,0,0,0,4,1, ,2,2, , , , , , , , ,2,4,2, , ,0, ,2,5,0,0,0,0,0,0,1,6,4,4, , , , , , , , ,1,1106.01798904753
2022,09,090774,001,0007,11,06,8,1,21091106,3,1,2, ,2,47,9,1, ,6,6,21,8,2022,27,8,2022,31,3,1975,2,2,2, ,2,2,2,2,2,2,2,2,2,2,2, , , , , , , , , , , , , , , , , , , , , , , , , , , , , ,2,5,2, , ,0, ,1,6,0,0,0,0,0,0,1,6,4,4, , , , , , , , ,1,1122.10351061847
2022,09,091193,002,0069,11,01,8,1,22091101,1,1,2, ,2,61,9,2, ,1,6,28,8,2022,3,9,2022,17,6,1961,2,2,2, ,2,2,2,2,2,2,2,2,2,2,2, , , , , , , , , , , , , , , , , , , , , , , , , , , , , ,2,5,1,2, ,0, ,1,1,1,0,0,0,0,0,0,6,4,4, , , , , , , , ,1,1122.10351061847
2022,07,092216,002,0042,11,06,8,1,22071106,4,1,2, ,2,21,6,5, ,6,6,26,6,2022,2,7,2022,26,8,2000,2,2,2, ,2,2,2,2,2,2,2,2,2,2,2, , , , , , , , , , , , , , , , , , , , , , , , , , , , , ,2,5,1,2, ,0, ,1,5,0,0,0,0,0,0,1,6,1,4, , , , , , , , ,1,1123.30499046306
2022,09,091648,002,0027,11,06,8,1,22091106,3,1,2, ,2,27,6,5, ,6,6,28,8,2022,3,9,2022,24,7,1995,2,2,2, ,2,2,2,2,2,2,2,2,2,2,2, , , , , , , , , , , , , , , , , , , , , , , , , , , , , ,2,5,1,1,6,0, ,1,6,0,0,0,0,0,0,1,6,4,4, , , , , , , , ,1,1157.59774151664
2022,07,092289,002,0046,11,06,8,1,22071106,5,1,2, ,1,62,4,5, ,6,6,19,6,2022,25,6,2022,22,3,1960,2,2,2, ,2,2,2,2,2,2,2,2,2,2,2, , , , , , , , , , , , , , , , , , , , , , , , , , , , , ,2,7,2, , ,0, ,1,6,0,1,0,0,0,0,0,6,4,4, , , , , , , , ,1,1158.31522091421
2022,07,091208,002,0079,11,06,8,1,22071106,3,1,2, ,1,14,5,2, ,6,6,26,6,2022,2,7,2022,4,3,2008,2,2,2, ,2,2,2,2,2,2,2,2,2,2,2, , , , , , , , , , , , , , , , , , , , , , , , , , , , , ,2,4,2, , , , ,1,6,0,0,0,0,0,0,1,6,4,4, , , , , , , , ,1,1258.18085558831
2022,07,091905,002,0072,11,06,8,1,22071106,10,1,2, ,1,14,5,2, ,6,6,10,7,2022,16,7,2022,26,11,2007,2,2,2, ,2,2,2,2,2,2,2,2,2,2,2, , , , , , , , , , , , , , , , , , , , , , , , , , , , , ,2,4,2, , ,0, ,1,1,0,0,0,0,0,0,1,6,4,4, , , , , , , , ,1,1258.18085558831
2022,08,018604,003,0073,11,06,8,1,22081106,10,1,2, ,2,18,6,5, ,6,6,31,7,2022,6,8,2022,19,11,2003,2,2,2, ,2,2,2,2,2,2,2,2,2,2,2, , , , , , , , , , , , , , , , , , , , , , , , , , , , , ,2,5,2, , ,0, ,1,6,0,0,0,0,0,0,1,6,4,4, , , , , , , , ,1,1307.1055458117
2022,09,091145,002,0046,11,06,8,1,22091106,9,1,2, ,1,17,5,4, ,6,6,11,9,2022,17,9,2022,29,5,2005,2,2,2, ,2,2,2,2,2,2,2,2,2,2,2, , , , , , , , , , , , , , , , , , , , , , , , , , , , , ,2,4,1,2, ,0, ,1,6,0,0,0,0,0,0,1,6,4,4, , , , , , , , ,1,1323.00537590421
2022,08,020825,003,0078,11,02,8,1,21081102,2,1,2, ,2,73,8,3, ,2,6,24,7,2022,30,7,2022,10,7,1949,2,2,2, ,2,2,2,2,2,2,2,2,2,2,2, , , , , , , , , , , , , , , , , , , , , , , , , , , , , ,2,9,2, , ,0, ,1,4,0,0,0,0,0,0,1,6,4,4, , , , , , , , ,1,1323.38915425163
2022,08,090085,002,0038,11,06,8,1,22081106,5,1,2, ,1,74,10,5, ,6,6,7,8,2022,13,8,2022,21,9,1947,2,2,2, ,2,2,2,2,2,2,2,2,2,2,2, , , , , , , , , , , , , , , , , , , , , , , , , , , , , ,2,6,1,1,3,0, ,1,1,0,0,0,0,0,0,1,8,4,4, , , , , , , , ,1,1384.62483260766
2022,09,018597,003,0065,11,06,8,1,21091106,10,1,2, ,1,20,6,5, ,6,6,28,8,2022,3,9,2022,16,8,2002,2,2,2, ,2,2,2,2,2,2,2,2,2,2,2, , , , , , , , , , , , , , , , , , , , , , , , , , , , , ,2,4,1,2, ,0, ,1,6,0,0,0,0,0,0,1,7,4,4, , , , , , , , ,1,1438.49658726163
2022,08,091635,001,0027,11,06,8,1,21081106,3,1,2, ,2,16,6,5, ,6,6,31,7,2022,6,8,2022,17,9,2005,2,2,2, ,2,2,2,2,2,2,2,2,2,2,2, , , , , , , , , , , , , , , , , , , , , , , , , , , , , ,2,9,1,2, ,0, ,2,6,0,0,0,0,0,0,1,6,4,4, , , , , , , , ,1,1563.54394014675
2022,09,091312,002,0033,11,06,8,1,22091106,10,1,2, ,2,15,5,2, ,6,6,28,8,2022,3,9,2022,27,8,2007,1, , , , , , , , , , , , , , ,572,4711,5,5,1,3,99,99,2020,1,1,1,1,1,1,1,7,1, ,2,2, , , , , , , , ,2,4,2, , ,0, ,2,6,0,0,0,0,0,0,1,6,4,4, , , , , , , , ,1,1616.88996861634
2022,09,091312,002,0045,11,06,8,1,22091106,10,1,2, ,2,14,5,1, ,6,6,28,8,2022,3,9,2022,7,7,2008,2,2,2, ,2,2,2,2,2,2,2,2,2,2,2, , , , , , , , , , , , , , , , , , , , , , , , , , , , , ,2,4,2, , ,0, ,1,6,0,0,0,0,0,0,1,6,4,4, , , , , , , , ,1,1616.88996861634
2022,07,091352,002,0034,12,06,8,1,22071206,10,1,2, ,2,16,5,4, ,6,6,10,7,2022,16,7,2022,2,4,2006,2,2,2, ,2,2,2,2,2,2,2,2,2,2,2, , , , , , , , , , , , , , , , , , , , , , , , , , , , , ,2,4,2, , ,0, ,2,6,0,0,0,0,0,0,1,6,4,4, , , , , , , , ,1,1684.95748569459
2022,08,091453,002,0044,11,06,8,1,22081106,10,1,2, ,2,34,10,5, ,6,6,31,7,2022,6,8,2022,15,10,1987,2,2,2, ,2,2,2,2,2,2,2,2,2,2,2, , , , , , , , , , , , , , , , , , , , , , , , , , , , , ,2,5,1,2, ,0, ,1,5,0,0,0,0,0,0,1,6,4,4, , , , , , , , ,1,1732.91878837005
2022,08,091131,001,0023,11,06,8,1,21081106,3,1,2, ,2,22,9,1, ,6,6,14,8,2022,20,8,2022,7,8,2000,2,2,2, ,2,2,2,2,2,2,2,2,2,2,2, , , , , , , , , , , , , , , , , , , , , , , , , , , , , ,2,4,1,2, ,0, ,1,6,0,0,0,0,0,0,1,6,4,4, , , , , , , , ,1,1791.32746804002
2022,08,017515,003,0073,11,06,8,1,21081105,10,1,2, ,2,14,5,1, ,6,6,21,8,2022,27,8,2022,19,7,2008,2,2,2, ,2,2,2,2,2,2,2,2,2,2,2, , , , , , , , , , , , , , , , , , , , , , , , , , , , , ,2,4,1,1,1, , ,2,1,0,0,0,0,0,0,1,6,4,3, , , , , , , , ,1,998.870439408193
2022,08,092197,002,0044,11,06,8,1,22081106,10,1,2, ,1,17,6,5, ,6,6,14,8,2022,20,8,2022,22,10,2004,2,2,2, ,2,2,2,2,2,2,2,2,2,2,2, , , , , , , , , , , , , , , , , , , , , , , , , , , , , ,1, , , , ,7,2,2,6,0,0,0,0,0,0,1,4,4,2, , , , , , , , ,1,154.791768954751
2022,09,091793,002,0034,11,06,8,1,22091106,9,1,2, ,2,22,6,5, ,6,6,28,8,2022,3,9,2022,19,12,1999,2,2,2, ,2,2,2,2,2,2,2,2,2,2,2, , , , , , , , , , , , , , , , , , , , , , , , , , , , , ,1, , , , ,7,1,1,6,0,0,0,0,0,0,1,6,4,2, , , , , , , , ,1,289.755736347372
2022,07,046748,003,0063,11,06,8,1,21071107,3,1,2, ,2,23,6,5, ,6,6,10,7,2022,16,7,2022,16,9,1998,2,2,2, ,2,2,2,2,2,2,2,2,2,2,2, , , , , , , , , , , , , , , , , , , , , , , , , , , , , ,1, , , , ,7,1,1,1,0,0,0,0,0,0,1,3,4,2, , , , , , , , ,1,294.510157946698
2022,09,091480,002,0057,11,05,8,1,22091105,3,1,2, ,2,32,5,2, ,5,6,4,9,2022,10,9,2022,24,9,1989,2,2,2, ,2,2,2,2,2,2,2,2,2,2,2, , , , , , , , , , , , , , , , , , , , , , , , , , , , , ,1, , , , ,3,1,1,6,0,0,0,0,0,0,1,6,4,2, , , , , , , , ,1,465.378500911385
2022,07,091760,002,0042,22,06,8,1,22072206,4,1,2, ,2,18,6,5, ,6,6,10,7,2022,16,7,2022,29,11,2003,2,2,2, ,2,2,2,2,2,2,2,2,2,2,2, , , , , , , , , , , , , , , , , , , , , , , , , , , , , ,1, , , , ,3,3,1,6,0,0,0,0,0,0,1,5,4,2, , , , , , , , ,1,561.5470587997
2022,07,090465,002,0078,11,06,8,1,22071106,9,1,2, ,2,21,6,5, ,6,6,26,6,2022,2,7,2022,29,8,2000,2,2,2, ,2,2,2,2,2,2,2,2,2,2,2, , , , , , , , , , , , , , , , , , , , , , , , , , , , , ,1, , , , ,3,2,2,5,0,0,0,0,0,0,1,5,4,2, , , , , , , , ,1,663.646524036009
2022,09,047623,003,0060,11,06,8,1,22091106,3,1,2, ,2,23,10,5, ,6,6,18,9,2022,24,9,2022,2,5,1999,2,2,2, ,2,2,2,2,2,2,2,2,2,2,2, , , , , , , , , , , , , , , , , , , , , , , , , , , , , ,1, , , , ,7,4,2,6,0,0,0,0,0,0,1,8,4,2, , , , , , , , ,1,1020.51936511792
2022,08,028359,003,0075,11,06,8,1,22081106,3,1,2, ,2,50,8,3, ,6,6,7,8,2022,13,8,2022,26,5,1972,2,2,2, ,2,2,2,2,2,2,2,2,2,2,2, , , , , , , , , , , , , , , , , , , , , , , , , , , , , ,1, , , , ,3,4,1,6,0,0,0,0,0,0,1,6,4,2, , , , , , , , ,1,1028.858393847
2022,07,091809,002,0043,11,06,8,1,22071106,3,1,2, ,2,36,8,3, ,6,6,19,6,2022,25,6,2022,8,9,1985,2,2,2, ,2,2,2,2,2,2,2,2,2,2,2, , , , , , , , , , , , , , , , , , , , , , , , , , , , , ,1, , , , ,7,2,1,6,0,0,0,0,0,0,1,1,4,2, , , , , , , , ,1,1192.35736973993
2022,08,023819,003,0077,11,06,8,1,21081106,9,1,2, ,1,18,6,5, ,6,6,24,7,2022,30,7,2022,17,10,2003,2,2,2, ,2,2,2,2,2,2,2,2,2,2,2, , , , , , , , , , , , , , , , , , , , , , , , , , , , , ,1, , , , ,7,1,1,6,0,0,0,0,0,0,1,6,4,2, , , , , , , , ,1,1943.69710993188
2022,09,091528,002,0062,11,08,8,1,22091108,10,1,2, ,1,25,6,5, ,8,6,4,9,2022,10,9,2022,25,9,1996,2,2,2, ,2,2,2,2,2,2,2,2,2,2,2, , , , , , , , , , , , , , , , , , , , , , , , , , , , , ,1, , , , ,3,1,1,6,0,0,0,0,0,0,1,7,4,2, , , , , , , , ,1,1986.71989665213
2022,07,026880,003,0175,11,06,8,1,22071106,7,2, ,1,2,50,5,3, ,6,6,26,6,2022,2,7,2022,12,12,1971,1, , , , , , , , , , , , , , ,941,9700,6, ,1,1,99,99,2002,0,16,16,16,16,16,5,85,1, ,1,2,4,1700,910, , ,200,0,0, , , , , , , , ,1,0,0,0,0,0,0,1,6,4,1,1700,910,0,0,200,0,2810,2610,1,159.313917094576
2022,09,023004,003,0065,11,06,8,1,21091106,10,1,2, ,1,24,5,3, ,6,6,11,9,2022,17,9,2022,27,2,1998,1, , , , , , , , , , , , , , ,983,4100,4,5,1,3,2,1,2015,0,8,8,8,8,8,6,46,1, ,1,1,2,350,0, , , , ,1, , , , , , , , ,6,0,0,0,0,0,0,1,6,4,1,1516,0, , , , ,1516,1516,1,169.483348191113
2022,09,090041,002,0050,11,06,8,1,22091106,6,1,2, ,1,29,10,5, ,6,6,21,8,2022,27,8,2022,25,3,1993,1, , , , , , , , , , , , , , ,217,4719,3,5,2, ,99,4,2021,0,8,8,8,8,8,0,40,2,45,1,1,4,3500,0, , , , ,1, , , , , , , , ,1,0,0,0,0,0,0,1,6,4,1,3500,0, , , , ,3500,3500,1,328.778647046231
2022,07,091726,001,0010,11,06,8,1,21072302,4,1,2, ,1,36,4, ,6,6,6,26,6,2022,2,7,2022,24,3,1986,1, , , , , , , , , , , , , , ,864,4100,2, ,1,1,12,4,2021,0,10,10,10,10,10,5,55,1, ,1,2, , , ,1200,0, , ,1, , , , , , , , ,5,0,0,0,0,0,0,1,6,4,1,0,0,1200,0,0,0,1200,1200,1,387.506872602713
2022,07,091089,002,0055,11,06,8,1,22071106,6,1,2, ,1,41,6,5, ,6,6,26,6,2022,2,7,2022,11,2,1981,1, , , , , , , , , , , , , , ,421,4923,3,5,1,30,2,1,2022,0,8,8,8,8,8,8,48,1, ,1,2,4,1500,260, , , , ,1, , , , , , , , ,1,0,0,0,0,0,0,1,6,4,1,1500,260,0,0,0,0,1760,1760,1,525.902184246539
2022,08,091419,001,0003,11,06,8,1,22081106,9,1,2, ,1,46,6,5, ,6,6,14,8,2022,20,8,2022,13,12,1975,1, , , , , , , , , , , , , , ,885,4922,2, ,1,1,99,2,2021,15,15,15,15,15,15,15,105,1, ,1,2, , , ,1516,0, , ,1, , , , , , , , ,5,0,0,0,0,0,0,1,5,4,1, , ,1516,0, , ,1516,1516,1,537.182371249865
2022,08,023561,003,0088,11,06,8,1,21081106,4,1,2, ,1,40,6,5, ,6,6,14,8,2022,20,8,2022,19,3,1982,1, , , , , , , , , , , , , , ,782,4520,4,5,1,4,5,6,2022,0,8,8,8,8,8,9,49,1, ,1,2,2,300,54, , , , ,1, , , , , , , , ,6,0,0,0,0,0,0,1,6,1,1,1299,234, , , , ,1533,1533,1,558.191489689433
2022,09,047934,003,0055,11,06,8,1,21091105,5,1,2, ,2,70,4,5, ,6,6,11,9,2022,17,9,2022,3,1,1952,1, , , , , , , , , , , , , , ,572,4771,2, ,1,1,3,12,2021,8,10,10,10,10,10,10,68,1, ,1,2, , , ,1316,0, , ,1, , , , , , , , ,6,0,0,0,0,0,0,1,6,4,1, , ,1316,0,0,0,1316,1316,1,559.423174587334
2022,09,091480,002,0057,11,06,8,1,22091106,4,1,2, ,1,31,9,2, ,6,6,4,9,2022,10,9,2022,23,5,1991,1, , , , , , , , , , , , , , ,574,4781,2, ,1,1,99,8,2021,0,9,9,9,9,9,9,54,1, ,2,2, , , ,1040,303, , ,1, , , , , , , , ,6,0,0,0,0,0,0,1,6,4,1, , ,1040,303, , ,1343,1343,1,570.924115061926
2022,07,091006,001,0012,11,06,8,1,21071106,4,1,2, ,1,28,6,5, ,6,6,10,7,2022,16,7,2022,16,10,1993,1, , , , , , , , , , , , , , ,782,4520,4,5,1,4,99,8,2021,0,9,9,9,9,9,9,54,1, ,1,2,2,300,0, , , , ,1, , , , , , , , ,6,0,0,0,0,0,0,1,6,4,1,1299,0,0,0,0,0,1299,1299,1,581.26030890407
2022,09,091528,002,0078,11,06,8,1,22091106,10,1,2, ,1,23,5,2, ,6,6,4,9,2022,10,9,2022,28,1,1999,1, , , , , , , , , , , , , , ,952,7830,3,4,2, ,15,8,2022,11,11,11,0,11,11,11,66,1, ,1,2,4,1200,0, , , , ,1, , , , , , , , ,6,0,0,0,0,0,0,1,4,4,1,1200,0, , , , ,1200,1200,1,637.163861366212
2022,07,022026,003,0067,11,06,8,1,21071105,4,1,2, ,1,24,5,3, ,6,6,10,7,2022,16,7,2022,31,1,1998,1, , , , , , , , , , , , , , ,983,4100,4,5,1,3,15,5,2022,0,8,8,8,8,8,6,46,1, ,2,2,2,360,0, , , , ,1, , , , , , , , ,6,0,0,0,0,0,0,1,6,4,1,1559,0,0,0,0,0,1559,1559,1,853.412825887378
2022,09,092249,002,0029,11,06,8,1,22091106,9,1,2, ,1,27,9,3, ,6,6,21,8,2022,27,8,2022,15,9,1994,1, , , , , , , , , , , , , , ,885,4921,3,5,1,3,1,7,2022,0,15,15,15,15,15,0,75,1, ,2,2,1,70,25, , , , ,1, , , , , , , , ,5,0,0,0,0,0,0,1,1,1,1,1750,625, , , , ,2375,2375,1,907.943444104704
2022,08,091573,002,0051,11,06,8,1,22081106,6,1,2, ,2,60,4,5, ,6,6,14,8,2022,20,8,2022,10,12,1961,1, , , , , , , , , , , , , , ,941,9700,6, ,1,2,99,99,2000,0,9,9,9,9,9,9,54,1, ,1,2,4,1100,720, , , , ,1, , , , , , , , ,1,0,0,0,0,0,0,1,6,4,1,1100,720, , , , ,1820,1820,1,931.895096753586
2022,09,090976,002,0044,11,06,8,1,22091106,9,1,2, ,2,26,10,5, ,6,6,4,9,2022,10,9,2022,21,4,1996,1, , , , , , , , , , , , , , ,418,8010,3,4,2, ,1,1,2022,0,8,8,8,8,8,0,40,1, ,1,2,4,1500,0, , , , ,1, , , , , , , , ,1,0,0,0,0,0,0,1,6,4,1,1500,0, , , , ,1500,1500,1,967.234866528572
2022,08,090867,001,0008,11,06,8,1,21081106,3,1,2, ,1,24,6,5, ,6,6,7,8,2022,13,8,2022,12,10,1997,1, , , , , , , , , , , , , , ,951,4923,3,5,2, ,15,8,2021,12,12,0,12,12,12,12,72,1, ,1,2,2,450,0, , , , ,1, , , , , , , , ,5,0,0,0,0,0,0,1,6,4,1,1949,0, , , , ,1949,1949,1,1166.51766374668
2022,07,091390,001,0005,11,06,8,1,21071106,11,1,2, ,1,44,10,5, ,6,6,26,6,2022,2,7,2022,3,11,1977,1, , , , , , , , , , , , , , ,765,1050,4,5,2, ,20,2,2019,0,8,8,8,8,8,8,48,1, ,2,2,4,1200,208, , , , ,1, , , , , , , , ,1,0,0,0,0,0,0,1,6,4,1,1200,208,0,0,0,0,1408,1408,1,1218.10741215059
2022,07,091822,001,0003,11,06,8,1,21071107,9,1,2, ,1,30,6,5, ,6,6,19,6,2022,25,6,2022,18,4,1992,1, , , , , , , , , , , , , , ,778,3100,4,5,1,3,15,5,2022,5,10,10,10,10,10,10,65,1, ,1,2,2,300,0, , , , ,1, , , , , , , , ,6,0,0,0,0,0,0,1,6,4,1,1299,0,0,0,0,0,1299,1299,1,1218.10741215059
2022,08,091428,002,0030,11,02,8,1,22081102,3,1,2, ,1,33,8,3, ,2,6,31,7,2022,6,8,2022,5,11,1988,1, , , , , , , , , , , , , , ,885,146,3,5,1,30,99,3,2022,0,8,8,8,8,8,8,48,1, ,1,2,2,400,0, , , , ,1, , , , , , , , ,6,0,0,0,0,0,0,1,6,4,1,1732,0, , , , ,1732,1732,1,1237.79655404552
2022,07,092289,002,0029,11,06,8,1,22071106,9,1,2, ,2,22,4, ,6,6,6,19,6,2022,25,6,2022,19,7,1999,1, , , , , , , , , , , , , , ,941,9700,6, ,1,1,7,6,2022,0,7,7,7,7,7,5,40,1, ,1,1,2,300,60, , , , ,1, , , , , , , , ,6,0,0,0,0,0,0,1,6,4,1,1299,260,0,0,0,0,1559,1559,1,1310.52248887357
2022,09,091193,002,0069,11,06,8,1,22091106,3,1,2, ,2,28,9,3, ,6,6,28,8,2022,3,9,2022,17,3,1994,1, , , , , , , , , , , , , , ,572,4772,3,5,2, ,28,12,2021,0,0,8,8,8,8,8,40,2,48,2,2,4,1900,260, , , , ,1, , , , , , , , ,1,0,0,0,0,0,0,1,6,4,1,1900,260, , , , ,2160,2160,1,1354.12874803583
2022,08,092029,002,0027,11,06,8,1,22081106,10,1,2, ,2,32,10,5, ,6,6,14,8,2022,20,8,2022,25,2,1990,1, , , , , , , , , , , , , , ,945,5221,4,5,1,2,1,6,2022,0,8,8,8,8,8,8,48,1, ,1,2,2,240,120, , , , ,1, , , , , , , , ,6,0,0,0,0,0,0,1,6,4,1,1039,520, , , , ,1559,1559,1,1402.76009585535
